{"participants":[{"width":320,"height":180,"cx":962,"cy":615,"seatingOrder":0,"zOrder":1,"id":"24d16af9-e736-4b4d-aae6-3e1170bedf9a"},{"width":320,"height":180,"cx":1129,"cy":613,"seatingOrder":1,"zOrder":2,"id":"0ad93aae-df1b-47d7-90e8-781d885ce194"},{"width":320,"height":180,"cx":802,"cy":616,"seatingOrder":2,"zOrder":3,"id":"104658d6-4e7a-4cce-b297-7964dcf3082e"}],"sprites":[{"filename":"gietccn-muppets-wallpaper.png","width":1600,"height":1000,"cx":961,"cy":541,"isAlpha":false,"drawingId":"","zOrder":0,"id":"3c6995f7-9de8-41d9-84c4-21568935bbd8","size":2682685.5}],"extent":{"left":0,"top":0,"width":1920,"height":1080},"autoZoom":false,"id":"e1ef2b19-d5e9-4eb1-b2e2-7411e3b6333d","mirrorParticipants":true}