{"participants":[{"width":320,"height":180,"cx":962,"cy":615,"seatingOrder":0,"zOrder":1,"id":"15a2026d-3c50-4e50-8100-eccbb208e380"},{"width":320,"height":180,"cx":1129,"cy":613,"seatingOrder":1,"zOrder":2,"id":"56c1cd97-07b2-4229-8224-dc07a9284f7d"},{"width":320,"height":180,"cx":802,"cy":616,"seatingOrder":2,"zOrder":3,"id":"838b990b-4ca1-424a-b2ca-65ca87ad4f4e"},{"width":320,"height":180,"cx":1459,"cy":617,"seatingOrder":3,"zOrder":4,"id":"a2325754-f96e-489d-a6b0-f1dee1a3be56"},{"width":318,"height":179,"cx":479,"cy":623,"seatingOrder":4,"zOrder":5,"id":"1554de70-082c-45e9-9e8b-023fefe9b3df"}],"sprites":[{"filename":"gietccn-muppets-wallpaper.png","width":1600,"height":1000,"cx":961,"cy":541,"isAlpha":false,"drawingId":"","zOrder":0,"id":"cbacb249-53f9-4e4d-a330-3f43c924a138","size":2682685.5}],"extent":{"left":0,"top":0,"width":1920,"height":1080},"autoZoom":false,"id":"6df5dc25-a4f1-456a-b52d-db5e9159bc5b","mirrorParticipants":true}