{"participants":[{"width":638,"height":359,"cx":943,"cy":648,"seatingOrder":0,"zOrder":1,"id":"27af5606-6dcd-4d30-99c1-68f48bd083bd"},{"width":638,"height":359,"cx":943,"cy":301,"seatingOrder":1,"zOrder":2,"id":"a58d5763-ee2f-4ea1-b19b-81fe6437acf6"},{"width":638,"height":359,"cx":641,"cy":425,"seatingOrder":2,"zOrder":3,"id":"e6647cfb-12ac-4623-80a9-b4b34a692c61"},{"width":638,"height":359,"cx":1282,"cy":425,"seatingOrder":3,"zOrder":4,"id":"1d03f04e-6f22-44f4-9969-fcec0c23cbec"}],"sprites":[{"filename":"BohemianRhapsody-Blank.png","width":2006,"height":1128,"cx":938,"cy":549,"isAlpha":false,"drawingId":"","zOrder":0,"id":"d0e5b802-d877-43a9-85ba-99dd8ab0b0d5","size":340942.5}],"extent":{"left":0,"top":0,"width":1920,"height":1080},"autoZoom":false,"id":"340eb2b5-e7ee-481b-b909-2e338ad9b57d","mirrorParticipants":false}