{"participants":[{"width":320,"height":180,"cx":958,"cy":618,"seatingOrder":0,"zOrder":1,"id":"cf481e00-bf0f-439e-8c0b-c43bf6c08b1c"},{"width":320,"height":180,"cx":801,"cy":616,"seatingOrder":1,"zOrder":2,"id":"6a73805d-3933-4ce5-8fef-d041a7a0f883"},{"width":319,"height":180,"cx":1119,"cy":618,"seatingOrder":2,"zOrder":3,"id":"97a7abec-34a3-4423-b45e-89108dbf4a48"},{"width":320,"height":180,"cx":647,"cy":613,"seatingOrder":3,"zOrder":4,"id":"cb054279-b878-48be-a902-c9bb014e8fb4"},{"width":320,"height":180,"cx":1454,"cy":623,"seatingOrder":4,"zOrder":5,"id":"9792a8be-72f8-4243-982a-35733b1ed2ec"},{"width":320,"height":180,"cx":1295,"cy":618,"seatingOrder":5,"zOrder":6,"id":"aa7df2dc-2630-4315-ba31-4ec50678c17e"},{"width":320,"height":180,"cx":493,"cy":614,"seatingOrder":6,"zOrder":7,"id":"e27b07e1-1b87-4c79-a9eb-41eaeb009d91"},{"width":320,"height":180,"cx":1610,"cy":622,"seatingOrder":7,"zOrder":8,"id":"3c1dec38-9f61-4bb3-baa9-fd9e56ee1ffc"},{"width":302,"height":170,"cx":316,"cy":623,"seatingOrder":8,"zOrder":9,"id":"d839d0da-3129-4518-95cd-785ff0a7fc84"},{"width":287,"height":161,"cx":277,"cy":961,"seatingOrder":9,"zOrder":10,"id":"24719f65-39d6-434d-a977-38a74174ea29"},{"width":287,"height":161,"cx":482,"cy":961,"seatingOrder":10,"zOrder":11,"id":"25e8cc0e-adfb-4971-863b-51be78d21de6"},{"width":287,"height":161,"cx":675,"cy":961,"seatingOrder":11,"zOrder":12,"id":"bc41ac39-c286-40dc-b16b-b4efa1e94f78"},{"width":287,"height":161,"cx":868,"cy":961,"seatingOrder":12,"zOrder":13,"id":"48e18963-f80f-49fa-8aa4-16ad2b94091e"},{"width":287,"height":161,"cx":1063,"cy":961,"seatingOrder":13,"zOrder":14,"id":"1b0b2049-87cf-49b1-ba46-d154ef0172b5"},{"width":287,"height":161,"cx":1254,"cy":961,"seatingOrder":14,"zOrder":15,"id":"36620e1e-2eeb-4827-bb3b-50fd4c0d2d67"},{"width":287,"height":161,"cx":1469,"cy":961,"seatingOrder":15,"zOrder":16,"id":"600e2737-0631-4297-a116-ce08dfb2deb9"},{"width":287,"height":161,"cx":1656,"cy":961,"seatingOrder":16,"zOrder":17,"id":"5f33ab8b-7547-48e9-9524-cf27f14d8d0c"},{"width":192,"height":108,"cx":245,"cy":366,"seatingOrder":17,"zOrder":18,"id":"2cccd511-8bab-4d9a-9d60-49a19ab1d08d"},{"width":192,"height":108,"cx":377,"cy":366,"seatingOrder":18,"zOrder":19,"id":"c9d021c8-3716-4893-a4a8-9481eb5e2753"},{"width":192,"height":108,"cx":500,"cy":366,"seatingOrder":19,"zOrder":20,"id":"442dcb87-1277-474c-9cef-379e1281b1c8"},{"width":192,"height":108,"cx":633,"cy":366,"seatingOrder":20,"zOrder":21,"id":"aae12fcf-9801-4247-a310-90df603cc418"},{"width":192,"height":108,"cx":762,"cy":365,"seatingOrder":21,"zOrder":22,"id":"d7e4f82c-c321-41bf-a652-364ef9e15e79"},{"width":192,"height":108,"cx":890,"cy":365,"seatingOrder":22,"zOrder":23,"id":"e36704ae-1164-4414-aca5-d1c70bf20680"},{"width":192,"height":108,"cx":1033,"cy":366,"seatingOrder":23,"zOrder":24,"id":"97d8b767-8fc0-4812-b323-036c939afea4"},{"width":192,"height":108,"cx":1151,"cy":366,"seatingOrder":24,"zOrder":25,"id":"940866c8-64e5-4fe3-9907-da863979f7d0"},{"width":192,"height":108,"cx":1270,"cy":365,"seatingOrder":25,"zOrder":26,"id":"7027b33f-2000-48eb-afd2-e0f226cd2d80"},{"width":192,"height":108,"cx":1406,"cy":366,"seatingOrder":26,"zOrder":27,"id":"353cdecb-b342-412b-951a-66719350c2dc"},{"width":192,"height":108,"cx":1538,"cy":366,"seatingOrder":27,"zOrder":28,"id":"4a1a7bac-3380-4a4b-b40e-57b37bfa5f17"},{"width":192,"height":108,"cx":1681,"cy":366,"seatingOrder":28,"zOrder":29,"id":"c3294ddd-fd02-4db1-86fd-c70b62f468b1"},{"width":146,"height":82,"cx":299,"cy":154,"seatingOrder":29,"zOrder":30,"id":"4c137fa6-f111-4150-a006-30d2593ea0cf"},{"width":146,"height":82,"cx":403,"cy":154,"seatingOrder":30,"zOrder":31,"id":"3ace438b-4867-4ef3-b29e-ab291eb0a423"},{"width":146,"height":82,"cx":515,"cy":154,"seatingOrder":31,"zOrder":32,"id":"3cc8c534-67a2-4c6b-9eb9-a2a2d47be8e8"},{"width":146,"height":82,"cx":629,"cy":154,"seatingOrder":32,"zOrder":33,"id":"d597c96b-3882-4eae-9871-611ef84f55f9"},{"width":146,"height":82,"cx":735,"cy":154,"seatingOrder":33,"zOrder":34,"id":"9cd05f4a-07e7-43a8-b56b-e9b93f5796f5"},{"width":146,"height":82,"cx":843,"cy":154,"seatingOrder":34,"zOrder":35,"id":"c5f6c0ba-5671-41d9-8db1-65384fee344f"},{"width":146,"height":82,"cx":955,"cy":154,"seatingOrder":35,"zOrder":36,"id":"7d1165d5-60d0-4b07-b79c-6f01233c0d6f"},{"width":146,"height":82,"cx":1069,"cy":154,"seatingOrder":36,"zOrder":37,"id":"f032af4a-d258-40c5-9674-544ac20c0af2"},{"width":146,"height":82,"cx":1168,"cy":154,"seatingOrder":37,"zOrder":38,"id":"95d8bc17-be9f-42f2-80a2-1f0aba1d8eb0"},{"width":146,"height":82,"cx":1283,"cy":154,"seatingOrder":38,"zOrder":39,"id":"06e23dd3-2313-4fa7-b88f-90c0732db4a9"},{"width":146,"height":82,"cx":1395,"cy":154,"seatingOrder":39,"zOrder":40,"id":"9adbd29a-ef4c-4df5-8e07-ded46e792199"},{"width":146,"height":82,"cx":1510,"cy":154,"seatingOrder":40,"zOrder":41,"id":"4b021ced-001e-4239-81ad-cf5b68258094"},{"width":145,"height":82,"cx":1618,"cy":153,"seatingOrder":41,"zOrder":42,"id":"22669b97-3414-44f1-acd6-8f7eee063909"}],"sprites":[{"filename":"gietccn-muppets-wallpaper.png","width":1600,"height":1000,"cx":961,"cy":541,"isAlpha":false,"drawingId":"","zOrder":0,"id":"bd3ee1c7-d645-4304-ada3-8ab2b85f7d7b","size":2682685.5}],"extent":{"left":0,"top":0,"width":1920,"height":1080},"autoZoom":false,"id":"dc64d7d4-3bdf-4cd0-a76e-0d1af8cdfcb3","mirrorParticipants":true}