{"participants":[{"width":320,"height":180,"cx":958,"cy":618,"seatingOrder":0,"zOrder":1,"id":"cf481e00-bf0f-439e-8c0b-c43bf6c08b1c"},{"width":320,"height":180,"cx":801,"cy":616,"seatingOrder":1,"zOrder":2,"id":"6a73805d-3933-4ce5-8fef-d041a7a0f883"},{"width":319,"height":180,"cx":1119,"cy":618,"seatingOrder":2,"zOrder":3,"id":"97a7abec-34a3-4423-b45e-89108dbf4a48"},{"width":320,"height":180,"cx":647,"cy":613,"seatingOrder":3,"zOrder":4,"id":"cb054279-b878-48be-a902-c9bb014e8fb4"},{"width":320,"height":180,"cx":1454,"cy":623,"seatingOrder":4,"zOrder":5,"id":"9792a8be-72f8-4243-982a-35733b1ed2ec"},{"width":320,"height":180,"cx":1295,"cy":618,"seatingOrder":5,"zOrder":6,"id":"aa7df2dc-2630-4315-ba31-4ec50678c17e"},{"width":320,"height":180,"cx":493,"cy":614,"seatingOrder":6,"zOrder":7,"id":"e27b07e1-1b87-4c79-a9eb-41eaeb009d91"},{"width":320,"height":180,"cx":1610,"cy":622,"seatingOrder":7,"zOrder":8,"id":"3c1dec38-9f61-4bb3-baa9-fd9e56ee1ffc"},{"width":302,"height":170,"cx":316,"cy":623,"seatingOrder":8,"zOrder":9,"id":"d839d0da-3129-4518-95cd-785ff0a7fc84"}],"sprites":[{"filename":"gietccn-muppets-wallpaper.png","width":1600,"height":1000,"cx":961,"cy":541,"isAlpha":false,"drawingId":"","zOrder":0,"id":"bd3ee1c7-d645-4304-ada3-8ab2b85f7d7b","size":2682685.5}],"extent":{"left":0,"top":0,"width":1920,"height":1080},"autoZoom":false,"id":"a7228b29-1e1a-4f24-b19d-19dfc5ff733c","mirrorParticipants":true}